year,regcode,region,ip_reg,ip_liq,ip_reg_liq_diff,ul_reg,ul_liq,ul_reg_liq_diff
2012,01,Республика Адыгея (Адыгея),2272,3711,61.22,598,549,108.93
2013,01,Республика Адыгея (Адыгея),1766,4516,39.11,661,532,124.25
2014,01,Республика Адыгея (Адыгея),2171,2070,104.88,574,359,159.89
2015,01,Республика Адыгея (Адыгея),2246,2235,100.49,531,472,112.5
2016,01,Республика Адыгея (Адыгея),2275,2502,90.93,365,412,88.59
2017,01,Республика Адыгея (Адыгея),2444,2480,98.55,344,496,69.35
2018,01,Республика Адыгея (Адыгея),2764,2655,104.11,299,739,40.46
2019,01,Республика Адыгея (Адыгея),2413,2584,93.38,317,465,68.17
2012,02,Республика Башкортостан,15081,18694,80.67,7327,6098,120.15
2013,02,Республика Башкортостан,11488,26441,43.45,8293,5088,162.99
2014,02,Республика Башкортостан,14385,14870,96.74,7803,9862,79.12
2015,02,Республика Башкортостан,15282,15629,97.78,8099,6733,120.29
2016,02,Республика Башкортостан,16087,15306,105.1,8618,12077,71.36
2017,02,Республика Башкортостан,17541,16050,109.29,8268,14024,58.96
2018,02,Республика Башкортостан,19520,17906,109.01,7658,9196,83.28
2019,02,Республика Башкортостан,19217,19376,99.18,8435,10124,83.32
2012,03,Республика Бурятия,4097,7752,52.85,1882,1857,101.35
2013,03,Республика Бурятия,3419,8213,41.63,2068,1186,174.37
2014,03,Республика Бурятия,4413,4630,95.31,1876,876,214.16
2015,03,Республика Бурятия,3784,5046,74.99,1647,922,178.63
2016,03,Республика Бурятия,3924,4306,91.13,1507,2395,62.92
2017,03,Республика Бурятия,3904,3938,99.14,1436,1611,89.14
2018,03,Республика Бурятия,4318,4251,101.58,1533,1745,87.85
2019,03,Республика Бурятия,4510,5070,88.95,1578,1643,96.04
2012,04,Республика Алтай,1361,1956,69.58,573,1378,41.58
2013,04,Республика Алтай,939,2451,38.31,547,2322,23.56
2014,04,Республика Алтай,1125,1294,86.94,454,718,63.23
2015,04,Республика Алтай,1048,1310,80.0,480,620,77.42
2016,04,Республика Алтай,1035,1138,90.95,435,918,47.39
2017,04,Республика Алтай,1033,1211,85.3,460,741,62.08
2018,04,Республика Алтай,1185,1242,95.41,287,943,30.43
2019,04,Республика Алтай,1213,1356,89.45,320,795,40.25
2012,05,Республика Дагестан,4195,9376,44.74,1984,516,384.5
2013,05,Республика Дагестан,3563,9813,36.31,1611,1591,101.26
2014,05,Республика Дагестан,6407,6320,101.38,1578,1175,134.3
2015,05,Республика Дагестан,6683,8444,79.14,1852,1125,164.62
2016,05,Республика Дагестан,9338,8289,112.66,1938,1398,138.63
2017,05,Республика Дагестан,6873,9270,74.14,1904,4424,43.04
2018,05,Республика Дагестан,11218,9988,112.31,1570,3071,51.12
2019,05,Республика Дагестан,9384,9599,97.76,1569,1903,82.45
2012,06,Республика Ингушетия,1341,2233,60.05,610,586,104.1
2013,06,Республика Ингушетия,856,3086,27.74,702,220,319.09
2014,06,Республика Ингушетия,1560,1683,92.69,1219,351,347.29
2015,06,Республика Ингушетия,775,1541,50.29,452,421,107.36
2016,06,Республика Ингушетия,649,1340,48.43,408,789,51.71
2017,06,Республика Ингушетия,754,1058,71.27,606,709,85.47
2018,06,Республика Ингушетия,571,924,61.8,759,570,133.16
2019,06,Республика Ингушетия,664,806,82.38,554,300,184.67
2012,07,Кабардино-Балкарская Республика,3126,5134,60.89,868,665,130.53
2013,07,Кабардино-Балкарская Республика,2835,5835,48.59,746,901,82.8
2014,07,Кабардино-Балкарская Республика,2805,3222,87.06,732,797,91.84
2015,07,Кабардино-Балкарская Республика,2910,3560,81.74,684,594,115.15
2016,07,Кабардино-Балкарская Республика,3026,3997,75.71,983,924,106.39
2017,07,Кабардино-Балкарская Республика,3058,3804,80.39,869,836,103.95
2018,07,Кабардино-Балкарская Республика,3466,4298,80.64,739,1452,50.9
2019,07,Кабардино-Балкарская Республика,3174,4439,71.5,649,1125,57.69
2012,08,Республика Калмыкия,1081,2163,49.98,447,2439,18.33
2013,08,Республика Калмыкия,933,2363,39.48,432,3569,12.1
2014,08,Республика Калмыкия,1066,1188,89.73,343,1106,31.01
2015,08,Республика Калмыкия,1153,1244,92.68,326,359,90.81
2016,08,Республика Калмыкия,1278,1490,85.77,344,1317,26.12
2017,08,Республика Калмыкия,1356,1478,91.75,246,713,34.5
2018,08,Республика Калмыкия,1321,1390,95.04,194,388,50.0
2019,08,Республика Калмыкия,1427,1456,98.01,189,511,36.99
2012,09,Карачаево-Черкесская Республика,1616,3536,45.7,441,481,91.68
2013,09,Карачаево-Черкесская Республика,1322,3488,37.9,476,346,137.57
2014,09,Карачаево-Черкесская Республика,1563,1925,81.19,398,786,50.64
2015,09,Карачаево-Черкесская Республика,1681,1806,93.08,437,280,156.07
2016,09,Карачаево-Черкесская Республика,1755,2221,79.02,443,571,77.58
2017,09,Карачаево-Черкесская Республика,1651,1989,83.01,396,540,73.33
2018,09,Карачаево-Черкесская Республика,1925,1993,96.59,365,529,69.0
2019,09,Карачаево-Черкесская Республика,1967,2077,94.7,371,479,77.45
2012,10,Республика Карелия,2988,3821,78.2,1905,1970,96.7
2013,10,Республика Карелия,2087,4666,44.73,1825,2840,64.26
2014,10,Республика Карелия,2543,2575,98.76,1849,1808,102.27
2015,10,Республика Карелия,2639,2595,101.7,1736,893,194.4
2016,10,Республика Карелия,2984,2755,108.31,1431,1469,97.41
2017,10,Республика Карелия,2887,2662,108.45,1209,2811,43.01
2018,10,Республика Карелия,3723,2723,136.72,1034,2868,36.05
2019,10,Республика Карелия,3457,2944,117.43,963,1961,49.11
2012,11,Республика Коми,4558,4139,110.12,1692,3872,43.7
2013,11,Республика Коми,3146,6067,51.85,1692,1200,141.0
2014,11,Республика Коми,3439,3512,97.92,1474,1140,129.3
2015,11,Республика Коми,3277,3566,91.9,1346,780,172.56
2016,11,Республика Коми,3460,3609,95.87,1113,1667,66.77
2017,11,Республика Коми,3366,3659,91.99,864,2286,37.8
2018,11,Республика Коми,3653,3753,97.34,696,1695,41.06
2019,11,Республика Коми,3485,3861,90.26,720,2541,28.34
2012,12,Республика Марий Эл,2292,3489,65.69,1179,1500,78.6
2013,12,Республика Марий Эл,1868,4206,44.41,1389,1447,95.99
2014,12,Республика Марий Эл,2386,2179,109.5,1416,1853,76.42
2015,12,Республика Марий Эл,2408,2277,105.75,1414,1208,117.05
2016,12,Республика Марий Эл,2486,2398,103.67,1418,1664,85.22
2017,12,Республика Марий Эл,2687,2436,110.3,976,2884,33.84
2018,12,Республика Марий Эл,2828,2688,105.21,754,1501,50.23
2019,12,Республика Марий Эл,2693,2558,105.28,625,2020,30.94
2012,13,Республика Мордовия,2822,5609,50.31,959,986,97.26
2013,13,Республика Мордовия,2020,4593,43.98,998,789,126.49
2014,13,Республика Мордовия,2580,2211,116.69,974,1172,83.11
2015,13,Республика Мордовия,2752,2442,112.69,956,635,150.55
2016,13,Республика Мордовия,2528,2790,90.61,1049,1720,60.99
2017,13,Республика Мордовия,2718,2816,96.52,875,1381,63.36
2018,13,Республика Мордовия,3048,3002,101.53,700,1542,45.4
2019,13,Республика Мордовия,2919,3029,96.37,698,1433,48.71
2012,14,Республика Саха (Якутия),6764,6615,102.25,2009,2200,91.32
2013,14,Республика Саха (Якутия),5473,9202,59.48,2096,1700,123.29
2014,14,Республика Саха (Якутия),5857,6052,96.78,2074,1989,104.27
2015,14,Республика Саха (Якутия),5913,6281,94.14,1911,1102,173.41
2016,14,Республика Саха (Якутия),5535,6230,88.84,1857,1834,101.25
2017,14,Республика Саха (Якутия),6159,6255,98.47,1762,2877,61.24
2018,14,Республика Саха (Якутия),5879,6714,87.56,1566,2045,76.58
2019,14,Республика Саха (Якутия),6434,6843,94.02,1593,2378,66.99
2012,15,Республика Северная Осетия - Алания,2747,3913,70.2,1098,981,111.93
2013,15,Республика Северная Осетия - Алания,2173,4143,52.45,1010,833,121.25
2014,15,Республика Северная Осетия - Алания,2805,2163,129.68,890,875,101.71
2015,15,Республика Северная Осетия - Алания,2516,2367,106.29,757,1289,58.73
2016,15,Республика Северная Осетия - Алания,2428,2716,89.4,735,1294,56.8
2017,15,Республика Северная Осетия - Алания,2503,3672,68.16,697,1841,37.86
2018,15,Республика Северная Осетия - Алания,2921,3211,90.97,711,784,90.69
2019,15,Республика Северная Осетия - Алания,2830,3149,89.87,687,600,114.5
2012,16,Республика Татарстан (Татарстан),16136,23549,68.52,12450,11195,111.21
2013,16,Республика Татарстан (Татарстан),12609,29328,42.99,12753,11348,112.38
2014,16,Республика Татарстан (Татарстан),14934,16854,88.61,13919,8799,158.19
2015,16,Республика Татарстан (Татарстан),16335,16540,98.76,15677,9642,162.59
2016,16,Республика Татарстан (Татарстан),17467,15045,116.1,15011,11732,127.95
2017,16,Республика Татарстан (Татарстан),19246,15791,121.88,10961,26016,42.13
2018,16,Республика Татарстан (Татарстан),22407,17989,124.56,10200,11021,92.55
2019,16,Республика Татарстан (Татарстан),19617,20320,96.54,10450,16827,62.1
2012,17,Республика Тыва,1403,2236,62.75,381,333,114.41
2013,17,Республика Тыва,1208,2452,49.27,275,248,110.89
2014,17,Республика Тыва,1281,1561,82.06,226,306,73.86
2015,17,Республика Тыва,1191,1858,64.1,244,276,88.41
2016,17,Республика Тыва,1249,1544,80.89,240,244,98.36
2017,17,Республика Тыва,1202,1385,86.79,236,192,122.92
2018,17,Республика Тыва,1473,1542,95.53,199,302,65.89
2019,17,Республика Тыва,1507,1592,94.66,247,265,93.21
2012,18,Удмуртская Республика,5415,10171,53.24,3495,2801,124.78
2013,18,Удмуртская Республика,4157,11351,36.62,3862,1713,225.45
2014,18,Удмуртская Республика,6122,5487,111.57,4045,2287,176.87
2015,18,Удмуртская Республика,7698,5948,129.42,5696,1650,345.21
2016,18,Удмуртская Республика,7868,7171,109.72,3358,3781,88.81
2017,18,Удмуртская Республика,8582,7411,115.8,3142,6687,46.99
2018,18,Удмуртская Республика,9501,8447,112.48,2880,4973,57.91
2019,18,Удмуртская Республика,7446,7549,98.64,2816,4149,67.87
2012,19,Республика Хакасия,2199,3474,63.3,909,595,152.77
2013,19,Республика Хакасия,1778,4718,37.69,829,477,173.79
2014,19,Республика Хакасия,2309,2460,93.86,834,736,113.32
2015,19,Республика Хакасия,2217,2650,83.66,852,520,163.85
2016,19,Республика Хакасия,2177,2546,85.51,695,666,104.35
2017,19,Республика Хакасия,1988,2423,82.05,555,1907,29.1
2018,19,Республика Хакасия,2161,2592,83.37,467,1034,45.16
2019,19,Республика Хакасия,2268,2533,89.54,486,1232,39.45
2012,20,Чеченская Республика,4190,14453,28.99,612,871,70.26
2013,20,Чеченская Республика,4113,8686,47.35,615,891,69.02
2014,20,Чеченская Республика,4202,5518,76.15,685,821,83.43
2015,20,Чеченская Республика,2979,5894,50.54,888,511,173.78
2016,20,Чеченская Республика,3269,5810,56.27,846,500,169.2
2017,20,Чеченская Республика,3478,4349,79.97,823,1160,70.95
2018,20,Чеченская Республика,3759,4725,79.56,798,1025,77.85
2019,20,Чеченская Республика,3842,4777,80.43,884,881,100.34
2012,21,Чувашская Республика - Чувашия,5331,10127,52.64,2243,1474,152.17
2013,21,Чувашская Республика - Чувашия,4088,10918,37.44,2382,1287,185.08
2014,21,Чувашская Республика - Чувашия,5499,4809,114.35,2312,1480,156.22
2015,21,Чувашская Республика - Чувашия,5430,5108,106.3,2199,1903,115.55
2016,21,Чувашская Республика - Чувашия,6547,5807,112.74,2167,2290,94.63
2017,21,Чувашская Республика - Чувашия,6103,5807,105.1,1814,3030,59.87
2018,21,Чувашская Республика - Чувашия,7193,6458,111.38,1353,2172,62.29
2019,21,Чувашская Республика - Чувашия,6700,6315,106.1,1201,2908,41.3
2012,22,Алтайский край,9943,14221,69.92,5206,7968,65.34
2013,22,Алтайский край,8382,19105,43.87,5851,4105,142.53
2014,22,Алтайский край,10030,10282,97.55,5604,4969,112.78
2015,22,Алтайский край,9395,10474,89.7,5734,3456,165.91
2016,22,Алтайский край,8533,9745,87.56,5548,6707,82.72
2017,22,Алтайский край,9532,9131,104.39,5021,7776,64.57
2018,22,Алтайский край,10603,9939,106.68,4295,7395,58.08
2019,22,Алтайский край,10301,10046,102.54,4253,7400,57.47
2012,23,Краснодарский край,30512,38459,79.34,10287,9685,106.22
2013,23,Краснодарский край,31140,52470,59.35,10404,11348,91.68
2014,23,Краснодарский край,38294,31323,122.26,11008,11175,98.51
2015,23,Краснодарский край,40423,36155,111.8,11688,8106,144.19
2016,23,Краснодарский край,42046,36890,113.98,11881,12583,94.42
2017,23,Краснодарский край,42882,40816,105.06,10545,14062,74.99
2018,23,Краснодарский край,46485,44848,103.65,9277,17896,51.84
2019,23,Краснодарский край,45181,48570,93.02,8618,26901,32.04
2012,24,Красноярский край,12303,13838,88.91,8183,9032,90.6
2013,24,Красноярский край,9415,21439,43.92,8564,5912,144.86
2014,24,Красноярский край,10869,11918,91.2,7813,5698,137.12
2015,24,Красноярский край,11282,12238,92.19,7588,5239,144.84
2016,24,Красноярский край,12165,12719,95.64,8016,9635,83.2
2017,24,Красноярский край,13331,12831,103.9,7206,9835,73.27
2018,24,Красноярский край,15496,13369,115.91,6005,8155,73.64
2019,24,Красноярский край,15015,13289,112.99,4179,11129,37.55
2012,25,Приморский край,7451,7701,96.75,6140,6945,88.41
2013,25,Приморский край,7053,11961,58.97,6616,7824,84.56
2014,25,Приморский край,8039,7054,113.96,6815,5205,130.93
2015,25,Приморский край,8417,7738,108.77,7488,4699,159.35
2016,25,Приморский край,8889,8116,109.52,6308,8036,78.5
2017,25,Приморский край,9242,7509,123.08,4425,7620,58.07
2018,25,Приморский край,11652,9280,125.56,4249,8566,49.6
2019,25,Приморский край,11240,10541,106.63,4002,9661,41.42
2012,26,Ставропольский край,12010,16308,73.64,3202,3242,98.77
2013,26,Ставропольский край,9505,22528,42.19,3188,2390,133.39
2014,26,Ставропольский край,11762,10471,112.33,3047,2203,138.31
2015,26,Ставропольский край,12379,11822,104.71,3207,2062,155.53
2016,26,Ставропольский край,12218,12164,100.44,3019,4216,71.61
2017,26,Ставропольский край,13168,12604,104.47,2779,5322,52.22
2018,26,Ставропольский край,15759,14775,106.66,1995,6262,31.86
2019,26,Ставропольский край,16517,16094,102.63,2028,4911,41.3
2012,27,Хабаровский край,5181,4847,106.89,4780,7384,64.73
2013,27,Хабаровский край,4490,7760,57.86,4587,4617,99.35
2014,27,Хабаровский край,4584,4988,91.9,4425,3531,125.32
2015,27,Хабаровский край,4680,4880,95.9,4108,3038,135.22
2016,27,Хабаровский край,5036,5082,99.09,4313,5610,76.88
2017,27,Хабаровский край,5401,4815,112.17,3394,6340,53.53
2018,27,Хабаровский край,6353,5310,119.64,2763,4743,58.25
2019,27,Хабаровский край,6274,5701,110.05,2679,5871,45.63
2012,28,Амурская область,3596,3870,92.92,1705,1730,98.55
2013,28,Амурская область,3022,5432,55.63,1460,922,158.35
2014,28,Амурская область,3093,3295,93.87,1494,1264,118.2
2015,28,Амурская область,3038,3736,81.32,1586,1014,156.41
2016,28,Амурская область,2913,3480,83.71,1426,1405,101.49
2017,28,Амурская область,2972,3169,93.78,1429,2348,60.86
2018,28,Амурская область,3661,3263,112.2,1131,1444,78.32
2019,28,Амурская область,3690,3737,98.74,1075,1980,54.29
2012,29,Архангельская область,4911,5829,84.25,2059,4454,46.23
2013,29,Архангельская область,3684,8237,44.73,1970,1774,111.05
2014,29,Архангельская область,4617,4308,107.17,1957,3394,57.66
2015,29,Архангельская область,4505,4652,96.84,1760,1162,151.46
2016,29,Архангельская область,4777,4953,96.45,1442,3431,42.03
2017,29,Архангельская область,4494,4805,93.53,1236,2181,56.67
2018,29,Архангельская область,5183,5275,98.26,989,1850,53.46
2019,29,Архангельская область,4995,5064,98.64,870,1853,46.95
2012,30,Астраханская область,3787,5660,66.91,1423,1449,98.21
2013,30,Астраханская область,3315,7354,45.08,1419,804,176.49
2014,30,Астраханская область,4123,3757,109.74,1405,1211,116.02
2015,30,Астраханская область,4417,4077,108.34,1314,1128,116.49
2016,30,Астраханская область,4030,4366,92.3,1129,2025,55.75
2017,30,Астраханская область,3894,4534,85.88,998,1832,54.48
2018,30,Астраханская область,5009,5039,99.4,826,2049,40.31
2019,30,Астраханская область,4712,5064,93.05,716,1874,38.21
2012,31,Белгородская область,7574,9632,78.63,3429,3148,108.93
2013,31,Белгородская область,5855,11180,52.37,3427,2717,126.13
2014,31,Белгородская область,7303,5908,123.61,3619,2200,164.5
2015,31,Белгородская область,7347,6623,110.93,3500,2079,168.35
2016,31,Белгородская область,7761,6838,113.5,4141,5246,78.94
2017,31,Белгородская область,8642,7604,113.65,4521,3779,119.63
2018,31,Белгородская область,8956,8817,101.58,3312,6509,50.88
2019,31,Белгородская область,8757,9443,92.74,3099,5836,53.1
2012,32,Брянская область,4716,9807,48.09,1925,2554,75.37
2013,32,Брянская область,3459,10908,31.71,1865,1312,142.15
2014,32,Брянская область,4371,4370,100.02,1885,1275,147.84
2015,32,Брянская область,5340,4829,110.58,1691,1725,98.03
2016,32,Брянская область,5377,4681,114.87,1592,2213,71.94
2017,32,Брянская область,6257,5317,117.68,1293,2869,45.07
2018,32,Брянская область,6280,5913,106.21,1037,2245,46.19
2019,32,Брянская область,5996,7062,84.91,882,2057,42.88
2012,33,Владимирская область,5953,8052,73.93,3083,4873,63.27
2013,33,Владимирская область,4651,10359,44.9,2986,2525,118.26
2014,33,Владимирская область,5906,5605,105.37,3022,2821,107.13
2015,33,Владимирская область,6287,6135,102.48,2825,2316,121.98
2016,33,Владимирская область,5893,5289,111.42,2116,3053,69.31
2017,33,Владимирская область,6504,5937,109.55,1768,4119,42.92
2018,33,Владимирская область,7187,6819,105.4,1406,2842,49.47
2019,33,Владимирская область,6855,6602,103.83,1235,2477,49.86
2012,34,Волгоградская область,8920,15056,59.25,4873,5210,93.53
2013,34,Волгоградская область,7706,18504,41.65,5079,3590,141.48
2014,34,Волгоградская область,9268,9289,99.77,4761,3898,122.14
2015,34,Волгоградская область,10879,9917,109.7,4340,3978,109.1
2016,34,Волгоградская область,10928,10305,106.05,3477,8399,41.4
2017,34,Волгоградская область,11330,10211,110.96,2755,6103,45.14
2018,34,Волгоградская область,12533,11219,111.71,1896,4789,39.59
2019,34,Волгоградская область,11944,11363,105.11,1628,6618,24.6
2012,35,Вологодская область,5403,8431,64.08,3697,4013,92.13
2013,35,Вологодская область,3678,11702,31.43,4089,4529,90.28
2014,35,Вологодская область,4942,5542,89.17,4376,3259,134.27
2015,35,Вологодская область,5286,5191,101.83,5233,2857,183.16
2016,35,Вологодская область,5866,5765,101.75,5757,4107,140.18
2017,35,Вологодская область,6869,6090,112.79,4067,9486,42.87
2018,35,Вологодская область,7185,6984,102.88,3726,6240,59.71
2019,35,Вологодская область,6111,6577,92.91,3353,6853,48.93
2012,36,Воронежская область,7049,8837,79.77,5011,7096,70.62
2013,36,Воронежская область,5918,11911,49.69,5247,3458,151.74
2014,36,Воронежская область,7687,6250,122.99,6164,4973,123.95
2015,36,Воронежская область,8037,7350,109.35,7508,5254,142.9
2016,36,Воронежская область,9669,8078,119.7,7454,5560,134.06
2017,36,Воронежская область,11226,8830,127.13,6225,9750,63.85
2018,36,Воронежская область,12186,10002,121.84,5114,8986,56.91
2019,36,Воронежская область,12035,10803,111.4,4869,8867,54.91
2012,37,Ивановская область,3455,4677,73.87,3132,5410,57.89
2013,37,Ивановская область,2684,7218,37.18,3676,3425,107.33
2014,37,Ивановская область,3460,3165,109.32,3670,2546,144.15
2015,37,Ивановская область,3724,3628,102.65,3761,2028,185.45
2016,37,Ивановская область,4605,3716,123.92,3455,5117,67.52
2017,37,Ивановская область,5617,4322,129.96,2710,5428,49.93
2018,37,Ивановская область,5770,5354,107.77,2397,4575,52.39
2019,37,Ивановская область,5644,5328,105.93,2586,4636,55.78
2012,38,Иркутская область,9732,12766,76.23,5805,6116,94.91
2013,38,Иркутская область,7300,18243,40.02,6094,3844,158.53
2014,38,Иркутская область,9070,8592,105.56,5766,4401,131.02
2015,38,Иркутская область,9500,9810,96.84,5409,3506,154.28
2016,38,Иркутская область,10044,10521,95.47,5027,8699,57.79
2017,38,Иркутская область,11008,9877,111.45,4677,7168,65.25
2018,38,Иркутская область,11837,10661,111.03,3873,6556,59.08
2019,38,Иркутская область,12001,11321,106.01,3896,7392,52.71
2012,39,Калининградская область,4494,5236,85.83,4257,9249,46.03
2013,39,Калининградская область,3038,7715,39.38,4257,3106,137.06
2014,39,Калининградская область,3928,4030,97.47,4117,1855,221.94
2015,39,Калининградская область,4107,4146,99.06,4023,1982,202.98
2016,39,Калининградская область,4906,4406,111.35,3635,3200,113.59
2017,39,Калининградская область,5268,4796,109.84,2724,5499,49.54
2018,39,Калининградская область,6095,4940,123.38,1885,10333,18.24
2019,39,Калининградская область,6162,5260,117.15,1544,6908,22.35
2012,40,Калужская область,4270,4676,91.32,2002,3513,56.99
2013,40,Калужская область,3331,7357,45.28,1860,1667,111.58
2014,40,Калужская область,4230,3587,117.93,1881,1447,129.99
2015,40,Калужская область,4614,3793,121.65,1914,1198,159.77
2016,40,Калужская область,5631,4572,123.16,1690,2531,66.77
2017,40,Калужская область,7154,4938,144.88,1539,2463,62.48
2018,40,Калужская область,7690,5880,130.78,1282,2784,46.05
2019,40,Калужская область,7241,7570,95.65,1361,2841,47.91
2012,41,Камчатский край,1659,1799,92.22,952,1654,57.56
2013,41,Камчатский край,1411,2464,57.26,862,815,105.77
2014,41,Камчатский край,1479,1466,100.89,829,1103,75.16
2015,41,Камчатский край,1571,1537,102.21,812,597,136.01
2016,41,Камчатский край,1720,1686,102.02,667,1418,47.04
2017,41,Камчатский край,1664,1800,92.44,661,1265,52.25
2018,41,Камчатский край,1867,1846,101.14,542,756,71.69
2019,41,Камчатский край,1833,1765,103.85,599,1144,52.36
2012,42,Кемеровская область,9221,12155,75.86,5338,4359,122.46
2013,42,Кемеровская область,8065,15655,51.52,5141,6825,75.33
2014,42,Кемеровская область,9914,9802,101.14,4812,4041,119.08
2015,42,Кемеровская область,9597,10298,93.19,4450,3365,132.24
2016,42,Кемеровская область,9262,9934,93.24,3807,6176,61.64
2017,42,Кемеровская область,9640,9710,99.28,3272,5991,54.62
2018,42,Кемеровская область,10731,9354,114.72,2676,4922,54.37
2019,42,Кемеровская область,10731,9730,110.29,2390,4995,47.85
2012,43,Кировская область,5242,9437,55.55,3418,3585,95.34
2013,43,Кировская область,4085,10644,38.38,3729,2175,171.45
2014,43,Кировская область,5657,5146,109.93,3657,2973,123.01
2015,43,Кировская область,5248,5082,103.27,3332,2497,133.44
2016,43,Кировская область,5141,5446,94.4,3102,6284,49.36
2017,43,Кировская область,5471,5758,95.02,1971,3442,57.26
2018,43,Кировская область,6012,5729,104.94,1540,3576,43.06
2019,43,Кировская область,5652,5990,94.36,1427,4161,34.29
2012,44,Костромская область,2284,4333,52.71,1258,915,137.49
2013,44,Костромская область,1856,4992,37.18,1304,1803,72.32
2014,44,Костромская область,2638,2285,115.45,1326,1885,70.34
2015,44,Костромская область,2843,2581,110.15,1304,1095,119.09
2016,44,Костромская область,3235,2764,117.04,1223,1920,63.7
2017,44,Костромская область,3044,3112,97.81,996,1559,63.89
2018,44,Костромская область,2752,3265,84.29,665,1806,36.82
2019,44,Костромская область,2693,2843,94.72,610,1481,41.19
2012,45,Курганская область,2782,3876,71.78,1156,1743,66.32
2013,45,Курганская область,2338,4726,49.47,1204,957,125.81
2014,45,Курганская область,2775,2678,103.62,1112,1149,96.78
2015,45,Курганская область,2574,2703,95.23,924,733,126.06
2016,45,Курганская область,2706,2775,97.51,849,1885,45.04
2017,45,Курганская область,3176,3145,100.99,773,2221,34.8
2018,45,Курганская область,3433,3118,110.1,590,1260,46.83
2019,45,Курганская область,2977,3204,92.92,566,1589,35.62
2012,46,Курская область,4323,6631,65.19,1694,2151,78.75
2013,46,Курская область,3308,8281,39.95,1704,1663,102.47
2014,46,Курская область,4305,3936,109.38,1792,1155,155.15
2015,46,Курская область,3874,4178,92.72,1619,1741,92.99
2016,46,Курская область,4063,4029,100.84,1707,3852,44.31
2017,46,Курская область,4500,4628,97.23,1716,3527,48.65
2018,46,Курская область,5107,4980,102.55,1375,2822,48.72
2019,46,Курская область,5239,5269,99.43,1509,2409,62.64
2012,47,Ленинградская область,6524,5456,119.57,2418,4457,54.25
2013,47,Ленинградская область,5070,8603,58.93,2190,3912,55.98
2014,47,Ленинградская область,6001,5294,113.35,2057,2372,86.72
2015,47,Ленинградская область,6794,5013,135.53,1965,1270,154.72
2016,47,Ленинградская область,7990,6222,128.42,1858,3490,53.24
2017,47,Ленинградская область,9311,7083,131.46,1864,2904,64.19
2018,47,Ленинградская область,11388,7626,149.33,2034,2654,76.64
2019,47,Ленинградская область,11463,8507,134.75,3013,2607,115.57
2012,48,Липецкая область,4156,6240,66.6,2430,2610,93.1
2013,48,Липецкая область,3563,7716,46.18,2132,1309,162.87
2014,48,Липецкая область,4560,3769,120.99,2445,1932,126.55
2015,48,Липецкая область,4563,4121,110.73,2430,1650,147.27
2016,48,Липецкая область,5371,4553,117.97,2685,2445,109.82
2017,48,Липецкая область,6122,5151,118.85,2162,2389,90.5
2018,48,Липецкая область,6647,6228,106.73,1243,2404,51.71
2019,48,Липецкая область,6725,6847,98.22,1636,2631,62.18
2012,49,Магаданская область,1112,1180,94.24,384,3252,11.81
2013,49,Магаданская область,992,1498,66.22,344,2144,16.04
2014,49,Магаданская область,922,1078,85.53,281,507,55.42
2015,49,Магаданская область,844,1103,76.52,253,233,108.58
2016,49,Магаданская область,880,1104,79.71,255,536,47.57
2017,49,Магаданская область,914,1086,84.16,257,520,49.42
2018,49,Магаданская область,951,1083,87.81,203,682,29.77
2019,49,Магаданская область,962,1139,84.46,237,421,56.29
2012,50,Московская область,29271,22637,129.31,17070,18046,94.59
2013,50,Московская область,25577,35326,72.4,16955,16988,99.81
2014,50,Московская область,30190,24206,124.72,17371,17052,101.87
2015,50,Московская область,37835,25910,146.02,18723,11985,156.22
2016,50,Московская область,41982,29674,141.48,16734,19912,84.04
2017,50,Московская область,49544,33171,149.36,15432,24518,62.94
2018,50,Московская область,56594,37900,149.32,14840,35617,41.67
2019,50,Московская область,58268,41729,139.63,17043,26975,63.18
2012,51,Мурманская область,2751,4068,67.63,1644,2463,66.75
2013,51,Мурманская область,2123,4446,47.75,1776,1754,101.25
2014,51,Мурманская область,2520,2414,104.39,1907,1990,95.83
2015,51,Мурманская область,2732,2500,109.28,1739,923,188.41
2016,51,Мурманская область,3033,2679,113.21,1429,5263,27.15
2017,51,Мурманская область,2967,2795,106.15,1111,1627,68.29
2018,51,Мурманская область,3503,3084,113.59,589,1815,32.45
2019,51,Мурманская область,3169,3037,104.35,535,2881,18.57
2012,52,Нижегородская область,12343,17519,70.45,9631,8225,117.09
2013,52,Нижегородская область,9291,22112,42.02,9851,6073,162.21
2014,52,Нижегородская область,11644,11153,104.4,10842,7340,147.71
2015,52,Нижегородская область,12888,11977,107.61,11339,6380,177.73
2016,52,Нижегородская область,14230,12603,112.91,10892,8855,123.0
2017,52,Нижегородская область,14972,12836,116.64,8497,18528,45.86
2018,52,Нижегородская область,15674,13431,116.7,6718,12960,51.84
2019,52,Нижегородская область,14319,14418,99.31,6431,12002,53.58
2012,53,Новгородская область,2976,3310,89.91,1151,765,150.46
2013,53,Новгородская область,2099,4677,44.88,1167,472,247.25
2014,53,Новгородская область,2520,2285,110.28,1087,660,164.7
2015,53,Новгородская область,2658,2538,104.73,1131,839,134.8
2016,53,Новгородская область,2923,2749,106.33,935,1671,55.95
2017,53,Новгородская область,2913,2732,106.63,991,1837,53.95
2018,53,Новгородская область,3277,2909,112.65,747,1872,39.9
2019,53,Новгородская область,2877,2989,96.25,635,1705,37.24
2012,54,Новосибирская область,11081,11957,92.67,15482,48357,32.02
2013,54,Новосибирская область,9864,18449,53.47,16092,20591,78.15
2014,54,Новосибирская область,11350,10407,109.06,15057,18216,82.66
2015,54,Новосибирская область,13430,11429,117.51,14338,12557,114.18
2016,54,Новосибирская область,15490,12584,123.09,15532,33290,46.66
2017,54,Новосибирская область,18329,14231,128.8,12810,19333,66.26
2018,54,Новосибирская область,21219,15053,140.96,9697,18636,52.03
2019,54,Новосибирская область,20644,15880,130.0,9056,19209,47.14
2012,55,Омская область,6723,11197,60.04,4324,6581,65.7
2013,55,Омская область,5666,15394,36.81,4538,4590,98.87
2014,55,Омская область,7049,7359,95.79,4630,5255,88.11
2015,55,Омская область,9265,7952,116.51,5014,2991,167.64
2016,55,Омская область,11300,10441,108.23,4798,5928,80.94
2017,55,Омская область,10699,10217,104.72,3957,7055,56.09
2018,55,Омская область,10988,10309,106.59,3455,6598,52.36
2019,55,Омская область,9429,9620,98.01,3350,6935,48.31
2012,56,Оренбургская область,7872,12726,61.86,3250,4303,75.53
2013,56,Оренбургская область,6452,15479,41.68,3494,4857,71.94
2014,56,Оренбургская область,7683,7767,98.92,3410,3397,100.38
2015,56,Оренбургская область,7772,7955,97.7,3335,2311,144.31
2016,56,Оренбургская область,8380,8505,98.53,3035,3604,84.21
2017,56,Оренбургская область,8417,8340,100.92,2510,4427,56.7
2018,56,Оренбургская область,9327,9300,100.29,1976,4143,47.69
2019,56,Оренбургская область,8754,9156,95.61,1757,5113,34.36
2012,57,Орловская область,3091,3678,84.04,1243,1078,115.31
2013,57,Орловская область,2194,4724,46.44,1220,962,126.82
2014,57,Орловская область,2921,2464,118.55,1188,1147,103.57
2015,57,Орловская область,2863,2721,105.22,1191,830,143.49
2016,57,Орловская область,3118,2825,110.37,1103,1220,90.41
2017,57,Орловская область,3369,3200,105.28,980,2820,34.75
2018,57,Орловская область,4147,3760,110.29,761,1650,46.12
2019,57,Орловская область,3971,3816,104.06,819,2096,39.07
2012,58,Пензенская область,5107,7265,70.3,2356,2791,84.41
2013,58,Пензенская область,4308,9339,46.13,2381,1807,131.77
2014,58,Пензенская область,5428,4600,118.0,2570,2914,88.19
2015,58,Пензенская область,5459,5025,108.64,2541,1915,132.69
2016,58,Пензенская область,5403,5521,97.86,2250,3688,61.01
2017,58,Пензенская область,5790,5513,105.02,2014,2751,73.21
2018,58,Пензенская область,6685,6439,103.82,1817,2724,66.7
2019,58,Пензенская область,6242,6241,100.02,1642,3660,44.86
2012,59,Пермский край,10684,15691,68.09,6986,11309,61.77
2013,59,Пермский край,7833,19911,39.34,7794,6565,118.72
2014,59,Пермский край,9134,9276,98.47,8311,9354,88.85
2015,59,Пермский край,10194,10921,93.34,12693,5894,215.35
2016,59,Пермский край,11543,11450,100.81,7075,9153,77.3
2017,59,Пермский край,13665,11407,119.79,5186,10029,51.71
2018,59,Пермский край,16656,13668,121.86,4214,10599,39.76
2019,59,Пермский край,14706,14757,99.65,4231,11980,35.32
2012,60,Псковская область,2509,3844,65.27,1103,916,120.41
2013,60,Псковская область,2051,4358,47.06,1079,683,157.98
2014,60,Псковская область,2309,2904,79.51,1128,1081,104.35
2015,60,Псковская область,2112,2294,92.07,1231,912,134.98
2016,60,Псковская область,2577,2302,111.95,1267,2034,62.29
2017,60,Псковская область,2983,2955,100.95,1235,1251,98.72
2018,60,Псковская область,3307,3041,108.75,1223,1853,66.0
2019,60,Псковская область,3078,3027,101.68,771,2034,37.91
2012,61,Ростовская область,17938,21544,83.26,6596,15984,41.27
2013,61,Ростовская область,14141,30937,45.71,6787,7024,96.63
2014,61,Ростовская область,17951,15214,117.99,6652,6294,105.69
2015,61,Ростовская область,19585,17724,110.5,7124,4557,156.33
2016,61,Ростовская область,21429,19414,110.38,7008,7861,89.15
2017,61,Ростовская область,22754,19457,116.95,6252,8582,72.85
2018,61,Ростовская область,24059,21685,110.95,5424,6823,79.5
2019,61,Ростовская область,23253,24620,94.45,5336,9353,57.05
2012,62,Рязанская область,3554,4982,71.34,2443,3475,70.3
2013,62,Рязанская область,2837,6411,44.25,2566,2468,103.97
2014,62,Рязанская область,3694,3308,111.67,2698,1941,139.0
2015,62,Рязанская область,3847,3622,106.21,2954,2720,108.6
2016,62,Рязанская область,4322,4043,106.9,2932,2210,132.67
2017,62,Рязанская область,5088,4183,121.64,2357,5772,40.84
2018,62,Рязанская область,6350,4597,138.13,1696,3684,46.04
2019,62,Рязанская область,5923,5343,110.86,1534,3226,47.55
2012,63,Самарская область,9934,13986,71.03,10856,11015,98.56
2013,63,Самарская область,8043,17292,46.51,11874,7972,148.95
2014,63,Самарская область,10388,9517,109.15,11892,9272,128.26
2015,63,Самарская область,12679,10852,116.84,12789,8869,144.2
2016,63,Самарская область,14063,11712,120.07,11627,16651,69.83
2017,63,Самарская область,17228,13932,123.66,10789,15754,68.48
2018,63,Самарская область,20758,15428,134.55,10703,12213,87.64
2019,63,Самарская область,18887,17110,110.39,9638,17413,55.35
2012,64,Саратовская область,7843,11566,67.81,3981,6064,65.65
2013,64,Саратовская область,6114,15979,38.26,4131,3531,116.99
2014,64,Саратовская область,7552,7514,100.51,3915,3717,105.33
2015,64,Саратовская область,7486,7699,97.23,3859,2769,139.36
2016,64,Саратовская область,8431,8195,102.88,3373,5274,63.96
2017,64,Саратовская область,8953,8795,101.8,3165,5540,57.13
2018,64,Саратовская область,10601,9136,116.04,2941,4324,68.02
2019,64,Саратовская область,10145,9168,110.66,2645,4803,55.07
2012,65,Сахалинская область,2510,3051,82.27,1290,1113,115.9
2013,65,Сахалинская область,2163,4140,52.25,1256,1066,117.82
2014,65,Сахалинская область,2254,2516,89.59,1332,1142,116.64
2015,65,Сахалинская область,2654,2640,100.53,1353,1096,123.45
2016,65,Сахалинская область,2557,2548,100.35,1117,1198,93.24
2017,65,Сахалинская область,2557,2224,114.97,1021,2040,50.05
2018,65,Сахалинская область,2892,2786,103.8,825,1717,48.05
2019,65,Сахалинская область,3030,2625,115.43,788,1405,56.09
2012,66,Свердловская область,17089,18891,90.46,18682,41242,45.3
2013,66,Свердловская область,13076,27636,47.32,17958,36732,48.89
2014,66,Свердловская область,16328,18953,86.15,17653,22181,79.59
2015,66,Свердловская область,19207,16541,116.12,16779,10732,156.35
2016,66,Свердловская область,19734,16158,122.13,15149,24459,61.94
2017,66,Свердловская область,22498,17140,131.26,12189,24383,49.99
2018,66,Свердловская область,26612,24431,108.93,9205,21237,43.34
2019,66,Свердловская область,25503,21466,118.81,8718,20971,41.57
2012,67,Смоленская область,3731,4701,79.37,2137,2205,96.92
2013,67,Смоленская область,2612,6336,41.22,2071,1047,197.8
2014,67,Смоленская область,2922,3147,92.85,2236,1839,121.59
2015,67,Смоленская область,3294,3174,103.78,2355,1748,134.73
2016,67,Смоленская область,4117,3327,123.75,2635,2532,104.07
2017,67,Смоленская область,4707,3705,127.04,2412,2011,119.94
2018,67,Смоленская область,4731,4207,112.46,2177,2631,82.74
2019,67,Смоленская область,4547,4516,100.69,2246,3049,73.66
2012,68,Тамбовская область,3528,6235,56.58,1364,1722,79.21
2013,68,Тамбовская область,2972,6037,49.23,1453,1154,125.91
2014,68,Тамбовская область,3816,3436,111.06,1497,1593,93.97
2015,68,Тамбовская область,3409,3452,98.75,1537,1235,124.45
2016,68,Тамбовская область,3708,3397,109.16,1737,1777,97.75
2017,68,Тамбовская область,4124,3340,123.47,1654,2134,77.51
2018,68,Тамбовская область,4620,4010,115.21,1206,1920,62.81
2019,68,Тамбовская область,4498,4239,106.11,1047,2157,48.54
2012,69,Тверская область,4575,5317,86.04,2907,5744,50.61
2013,69,Тверская область,3791,7985,47.48,2890,2877,100.45
2014,69,Тверская область,4535,4364,103.92,2961,3116,95.03
2015,69,Тверская область,4850,4352,111.44,2866,3142,91.22
2016,69,Тверская область,5490,4939,111.16,2537,3370,75.28
2017,69,Тверская область,5977,5253,113.78,2215,3396,65.22
2018,69,Тверская область,6323,5319,118.88,1717,3465,49.55
2019,69,Тверская область,6283,5610,112.0,1834,3498,52.43
2012,70,Томская область,4368,6336,68.94,2853,2750,103.75
2013,70,Томская область,3693,8484,43.53,2990,2606,114.74
2014,70,Томская область,4395,4642,94.68,2785,2727,102.13
2015,70,Томская область,4471,4527,98.76,2913,2791,104.37
2016,70,Томская область,4496,4543,98.97,2784,5779,48.17
2017,70,Томская область,4828,4635,104.16,2496,5868,42.54
2018,70,Томская область,5239,4778,109.65,2010,3788,53.06
2019,70,Томская область,5146,4973,103.48,1763,3581,49.23
2012,71,Тульская область,5551,6751,82.22,2974,4160,71.49
2013,71,Тульская область,4222,9616,43.91,2940,4396,66.88
2014,71,Тульская область,5758,4912,117.22,3127,6443,48.53
2015,71,Тульская область,6768,5721,118.3,3504,2337,149.94
2016,71,Тульская область,7254,6677,108.64,3359,2554,131.52
2017,71,Тульская область,8030,6674,120.32,2924,4820,60.66
2018,71,Тульская область,8928,7562,118.06,2732,4912,55.62
2019,71,Тульская область,8894,7740,114.91,1786,3979,44.89
2012,72,Тюменская область,5785,6133,94.33,4822,7510,64.21
2013,72,Тюменская область,4829,9617,50.21,5211,5309,98.15
2014,72,Тюменская область,6115,5322,114.9,5166,5222,98.93
2015,72,Тюменская область,6712,6307,106.42,4778,2303,207.47
2016,72,Тюменская область,7247,6410,113.06,4461,8176,54.56
2017,72,Тюменская область,8403,7552,111.27,3723,3810,97.72
2018,72,Тюменская область,9049,7548,119.89,3058,4420,69.19
2019,72,Тюменская область,9130,7659,119.21,3064,7144,42.89
2012,73,Ульяновская область,4691,7171,65.42,2563,1820,140.82
2013,73,Ульяновская область,3267,8169,39.99,2690,1886,142.63
2014,73,Ульяновская область,4941,4391,112.53,2788,2680,104.03
2015,73,Ульяновская область,4526,4750,95.28,2716,1614,168.28
2016,73,Ульяновская область,4740,4834,98.06,2763,2519,109.69
2017,73,Ульяновская область,5567,5228,106.48,2262,4414,51.25
2018,73,Ульяновская область,6581,5943,110.74,2181,2889,75.49
2019,73,Ульяновская область,6303,5680,110.97,1901,3389,56.09
2012,74,Челябинская область,13201,18339,71.98,10196,10742,94.92
2013,74,Челябинская область,9681,26934,35.94,10843,7381,146.9
2014,74,Челябинская область,13316,13227,100.67,10599,11467,92.43
2015,74,Челябинская область,15150,13882,109.13,10125,4677,216.48
2016,74,Челябинская область,17403,15193,114.55,9186,21149,43.43
2017,74,Челябинская область,20096,17227,116.65,8705,17182,50.66
2018,74,Челябинская область,24439,19855,123.09,5163,14724,35.07
2019,74,Челябинская область,20408,19716,103.51,5270,14712,35.82
2012,75,Забайкальский край,4017,5134,78.24,1306,930,140.43
2013,75,Забайкальский край,3302,7489,44.09,1220,693,176.05
2014,75,Забайкальский край,3861,4298,89.83,1201,1324,90.71
2015,75,Забайкальский край,3647,4287,85.07,1042,989,105.36
2016,75,Забайкальский край,3383,4199,80.57,928,1563,59.37
2017,75,Забайкальский край,3380,4090,82.64,829,1757,47.18
2018,75,Забайкальский край,3682,4192,87.83,657,1182,55.58
2019,75,Забайкальский край,3860,3857,100.08,761,1680,45.3
2012,76,Ярославская область,4524,6281,72.03,4179,4835,86.43
2013,76,Ярославская область,3113,8516,36.55,4466,5504,81.14
2014,76,Ярославская область,4462,4137,107.86,4594,6536,70.29
2015,76,Ярославская область,5671,4401,128.86,4767,3518,135.5
2016,76,Ярославская область,7248,6038,120.04,5229,5424,96.4
2017,76,Ярославская область,7339,6587,111.42,4094,5815,70.4
2018,76,Ярославская область,7577,6925,109.42,3455,8141,42.44
2019,76,Ярославская область,6828,7115,95.97,2836,7329,38.7
2012,77,Г.Москва,33249,21440,155.08,101151,63541,159.19
2013,77,Г.Москва,28860,33572,85.96,104126,118493,87.88
2014,77,Г.Москва,34159,24662,138.51,108011,192263,56.18
2015,77,Г.Москва,43706,29131,150.03,123552,101679,121.51
2016,77,Г.Москва,50413,29462,171.11,121017,320650,37.74
2017,77,Г.Москва,60654,33136,183.05,125647,156987,80.04
2018,77,Г.Москва,70328,37442,187.83,93810,216908,43.25
2019,77,Г.Москва,73023,44109,165.55,74886,194571,38.49
2012,78,Г.Санкт-Петербург,19451,13481,144.28,43254,94611,45.72
2013,78,Г.Санкт-Петербург,15229,22900,66.5,41709,51501,80.99
2014,78,Г.Санкт-Петербург,19004,15386,123.51,41571,43140,96.36
2015,78,Г.Санкт-Петербург,24449,15241,160.42,45702,28599,159.8
2016,78,Г.Санкт-Петербург,30046,17595,170.76,45198,66002,68.48
2017,78,Г.Санкт-Петербург,35496,20771,170.89,40355,55497,72.72
2018,78,Г.Санкт-Петербург,40543,21961,184.61,35189,67120,52.43
2019,78,Г.Санкт-Петербург,40668,24871,163.52,25367,59813,42.41
2012,79,Еврейская автономная область,500,630,79.37,300,331,90.63
2013,79,Еврейская автономная область,507,983,51.58,272,543,50.09
2014,79,Еврейская автономная область,544,601,90.52,266,231,115.15
2015,79,Еврейская автономная область,480,554,86.64,248,208,119.23
2016,79,Еврейская автономная область,522,623,83.79,217,266,81.58
2017,79,Еврейская автономная область,519,535,97.01,126,226,55.75
2018,79,Еврейская автономная область,597,601,99.33,123,379,32.45
2019,79,Еврейская автономная область,567,631,89.86,118,523,22.56
2012,83,Ненецкий АО,204,166,122.89,71,168,42.26
2013,83,Ненецкий АО,157,217,72.35,66,55,120.0
2014,83,Ненецкий АО,192,161,119.25,66,111,59.46
2012,86,Ханты-Мансийский автономный округ - Югра,9270,7952,116.57,3491,8290,42.11
2013,86,Ханты-Мансийский автономный округ - Югра,7125,12231,58.25,3273,2809,116.52
2014,86,Ханты-Мансийский автономный округ - Югра,8125,7911,102.71,3150,2150,146.51
2015,86,Ханты-Мансийский автономный округ - Югра,8102,8726,92.85,2985,2163,138.0
2016,86,Ханты-Мансийский автономный округ - Югра,8396,8194,102.47,2661,5163,51.54
2017,86,Ханты-Мансийский автономный округ - Югра,9108,7939,114.72,2298,8216,27.97
2018,86,Ханты-Мансийский автономный округ - Югра,9212,9105,101.18,2081,2830,73.53
2019,86,Ханты-Мансийский автономный округ - Югра,9434,8951,105.4,1682,3124,53.84
2012,87,Чукотский автономный округ,172,172,100.0,81,189,42.86
2013,87,Чукотский автономный округ,124,241,51.45,50,191,26.18
2014,87,Чукотский автономный округ,138,172,80.23,56,93,60.22
2015,87,Чукотский автономный округ,172,170,101.18,40,78,51.28
2016,87,Чукотский автономный округ,125,158,79.11,53,106,50.0
2017,87,Чукотский автономный округ,143,136,105.15,86,76,113.16
2018,87,Чукотский автономный округ,167,166,100.6,72,48,150.0
2019,87,Чукотский автономный округ,180,175,102.86,77,77,100.0
2012,89,Ямало-Ненецкий автономный округ,3566,2699,132.12,1096,1792,61.16
2013,89,Ямало-Ненецкий автономный округ,2600,4134,62.89,1062,752,141.22
2014,89,Ямало-Ненецкий автономный округ,2502,2659,94.1,865,1002,86.33
2015,89,Ямало-Ненецкий автономный округ,2565,2859,89.72,906,514,176.26
2016,89,Ямало-Ненецкий автономный округ,2726,2880,94.65,799,860,92.91
2017,89,Ямало-Ненецкий автономный округ,2594,2823,91.89,609,1463,41.63
2018,89,Ямало-Ненецкий автономный округ,2953,2910,101.48,518,1398,37.05
2019,89,Ямало-Ненецкий автономный округ,2923,2894,101.0,513,1222,41.98
2014,91,Республика Крым,21392,463,4620.3,8045,6,134083.33
2015,91,Республика Крым,41094,8797,467.14,7818,351,2227.35
2016,91,Республика Крым,16858,11340,148.66,4021,1116,360.3
2017,91,Республика Крым,14886,11546,128.93,3235,2043,158.35
2018,91,Республика Крым,15079,13327,113.15,2303,2241,102.77
2019,91,Республика Крым,14063,14222,98.88,2079,3017,68.91
2014,92,Г.Севастополь,7162,185,3871.35,3300,4,82500.0
2015,92,Г.Севастополь,9025,1559,578.9,2220,89,2494.38
2016,92,Г.Севастополь,3554,2217,160.31,1287,264,487.5
2017,92,Г.Севастополь,3036,2262,134.22,1069,395,270.63
2018,92,Г.Севастополь,2954,2643,111.77,855,902,94.79
2019,92,Г.Севастополь,2807,2813,99.79,748,1091,68.56
2012,99,г.Байконур,160,119,134.45,21,16,131.25
2013,99,г.Байконур,119,181,65.75,16,7,228.57
2014,99,г.Байконур,139,112,124.11,17,10,170.0
2015,99,г.Байконур,136,151,90.07,16,15,106.67
2016,99,г.Байконур,152,157,96.82,19,27,70.37
2017,99,г.Байконур,159,133,119.55,20,29,68.97
2018,99,г.Байконур,158,175,90.29,21,39,53.85
